<?xml version="1.0" encoding="UTF-8" standalone="no"?>
<export>
  <data>
    <property path="AGENT_CODE" type="VARCHAR">
      <value>A101</value>
    </property>
    <property path="AGENT_NAME" type="VARCHAR">
      <value>John Smith</value>
    </property>
    <property path="WORKING_AREA" type="VARCHAR">
      <value>Berlin</value>
    </property>
    <property path="COMMISSION" type="DECIMAL">
      <value>10.50</value>
    </property>
    <property path="PHONE_NO" type="VARCHAR">
      <value>1234567890</value>
    </property>
    <property path="COUNTRY" type="VARCHAR">
      <value>Germany</value>
    </property>
  </data>
  <data>
    <property path="AGENT_CODE" type="VARCHAR">
      <value>A102</value>
    </property>
    <property path="AGENT_NAME" type="VARCHAR">
      <value>Maria García</value>
    </property>
    <property path="WORKING_AREA" type="VARCHAR">
      <value>Paris</value>
    </property>
    <property path="COMMISSION" type="DECIMAL">
      <value>12.00</value>
    </property>
    <property path="PHONE_NO" type="VARCHAR">
      <value>9876543210</value>
    </property>
    <property path="COUNTRY" type="VARCHAR">
      <value>France</value>
    </property>
  </data>
  <data>
    <property path="AGENT_CODE" type="VARCHAR">
      <value>A103</value>
    </property>
    <property path="AGENT_NAME" type="VARCHAR">
      <value>Hans Müller</value>
    </property>
    <property path="WORKING_AREA" type="VARCHAR">
      <value>Madrid</value>
    </property>
    <property path="COMMISSION" type="DECIMAL">
      <value>9.75</value>
    </property>
    <property path="PHONE_NO" type="VARCHAR">
      <value>5678901234</value>
    </property>
    <property path="COUNTRY" type="VARCHAR">
      <value>Spain</value>
    </property>
  </data>
  <data>
    <property path="AGENT_CODE" type="VARCHAR">
      <value>A104</value>
    </property>
    <property path="AGENT_NAME" type="VARCHAR">
      <value>Sophia Rossi</value>
    </property>
    <property path="WORKING_AREA" type="VARCHAR">
      <value>Rome</value>
    </property>
    <property path="COMMISSION" type="DECIMAL">
      <value>11.25</value>
    </property>
    <property path="PHONE_NO" type="VARCHAR">
      <value>3456789012</value>
    </property>
    <property path="COUNTRY" type="VARCHAR">
      <value>Italy</value>
    </property>
  </data>
  <data>
    <property path="AGENT_CODE" type="VARCHAR">
      <value>A105</value>
    </property>
    <property path="AGENT_NAME" type="VARCHAR">
      <value>James Johnson</value>
    </property>
    <property path="WORKING_AREA" type="VARCHAR">
      <value>London</value>
    </property>
    <property path="COMMISSION" type="DECIMAL">
      <value>13.00</value>
    </property>
    <property path="PHONE_NO" type="VARCHAR">
      <value>6789012345</value>
    </property>
    <property path="COUNTRY" type="VARCHAR">
      <value>UK</value>
    </property>
  </data>
</export>
