[
{
    "AGENT_CODE" : {"value": "A101", "type": "VARCHAR"},
    "AGENT_NAME" : {"value": "John Smith", "type": "VARCHAR"},
    "WORKING_AREA" : {"value": "Berlin", "type": "VARCHAR"},
    "COMMISSION" : {"value": "10.50", "type": "DECIMAL"},
    "PHONE_NO" : {"value": "1234567890", "type": "VARCHAR"},
    "COUNTRY" : {"value": "Germany", "type": "VARCHAR"}
},
{
    "AGENT_CODE" : {"value": "A102", "type": "VARCHAR"},
    "AGENT_NAME" : {"value": "Maria García", "type": "VARCHAR"},
    "WORKING_AREA" : {"value": "Paris", "type": "VARCHAR"},
    "COMMISSION" : {"value": "12.00", "type": "DECIMAL"},
    "PHONE_NO" : {"value": "9876543210", "type": "VARCHAR"},
    "COUNTRY" : {"value": "France", "type": "VARCHAR"}
},
{
    "AGENT_CODE" : {"value": "A103", "type": "VARCHAR"},
    "AGENT_NAME" : {"value": "Hans Müller", "type": "VARCHAR"},
    "WORKING_AREA" : {"value": "Madrid", "type": "VARCHAR"},
    "COMMISSION" : {"value": "9.75", "type": "DECIMAL"},
    "PHONE_NO" : {"value": "5678901234", "type": "VARCHAR"},
    "COUNTRY" : {"value": "Spain", "type": "VARCHAR"}
},
{
    "AGENT_CODE" : {"value": "A104", "type": "VARCHAR"},
    "AGENT_NAME" : {"value": "Sophia Rossi", "type": "VARCHAR"},
    "WORKING_AREA" : {"value": "Rome", "type": "VARCHAR"},
    "COMMISSION" : {"value": "11.25", "type": "DECIMAL"},
    "PHONE_NO" : {"value": "3456789012", "type": "VARCHAR"},
    "COUNTRY" : {"value": "Italy", "type": "VARCHAR"}
},
{
    "AGENT_CODE" : {"value": "A105", "type": "VARCHAR"},
    "AGENT_NAME" : {"value": "James Johnson", "type": "VARCHAR"},
    "WORKING_AREA" : {"value": "London", "type": "VARCHAR"},
    "COMMISSION" : {"value": "13.00", "type": "DECIMAL"},
    "PHONE_NO" : {"value": "6789012345", "type": "VARCHAR"},
    "COUNTRY" : {"value": "UK", "type": "VARCHAR"}
}
]